Date, Prompt, Response
"27/04/2026","What was the most interesting thing I learned today?","csv files in C# files"
"27/04/2026","What was the most interesting thing I saw or heard today?","I white bear"
"29/04/2026","What was the most interesting thing I did today?","I fucked with my girlfriend"
30/04/2026,What was the most interesting thing I learned today?,I learned about C#
30/04/2026,Who was the most interesting person I interacted with today?,Don Ramon
30/04/2026,What was the most interesting thing I did today?,I did exercise
30/04/2026,What was the most interesting thing I learned today?,I learned about C#
30/04/2026,Who was the most interesting person I interacted with today?,Don Ramon
30/04/2026,What was the most interesting thing I did today?,I did exercise
